{
  "project_info": {
    "project_number": "380862284952",
    "project_id": "sanal-dershane-fc619",
    "storage_bucket": "sanal-dershane-fc619.appspot.com"
  },
  "client": [
    {
      "client_info": {
        "mobilesdk_app_id": "1:380862284952:android:0f924f5f39fe3c485cbced",
        "android_client_info": {
          "package_name": "com.sanaldershane.quiz"
        }
      },
      "oauth_client": [
        {
          "client_id": "380862284952-mlnn5o0e6838la6uvihf017qea1p4dbr.apps.googleusercontent.com",
          "client_type": 1,
          "android_info": {
            "package_name": "com.sanaldershane.quiz",
            "certificate_hash": "59a60f5854a58fe0a31b112618652940b5282e86"
          }
        },
        {
          "client_id": "380862284952-r83fl1ojko6hbkg5ihnrb496t9hkghuu.apps.googleusercontent.com",
          "client_type": 1,
          "android_info": {
            "package_name": "com.sanaldershane.quiz",
            "certificate_hash": "eacd43ff7a4427ef04fb8286adaa6c555ed04720"
          }
        },
        {
          "client_id": "380862284952-4fll824tm6fcjlc3ll0edn0c331q5fru.apps.googleusercontent.com",
          "client_type": 3
        }
      ],
      "api_key": [
        {
          "current_key": "AIzaSyC8LIwg3M_AxzSoITKwgGfnMQiD2njEGjk"
        }
      ],
      "services": {
        "appinvite_service": {
          "other_platform_oauth_client": [
            {
              "client_id": "380862284952-4fll824tm6fcjlc3ll0edn0c331q5fru.apps.googleusercontent.com",
              "client_type": 3
            },
            {
              "client_id": "380862284952-q453s9u4o4hh2f317snflq998b87m5q9.apps.googleusercontent.com",
              "client_type": 2,
              "ios_info": {
                "bundle_id": "com.sanaldershane.quiz"
              }
            }
          ]
        }
      },
      "admob_app_id": "ca-app-pub-9594010157961005~9030635025"
    },
    {
      "client_info": {
        "mobilesdk_app_id": "1:380862284952:android:4b4db219435d63e95cbced",
        "android_client_info": {
          "package_name": "com.sanaldershane.quizonline"
        }
      },
      "oauth_client": [
        {
          "client_id": "380862284952-6kj5md15j8vd6f4acigp1hmnuqn2qso1.apps.googleusercontent.com",
          "client_type": 1,
          "android_info": {
            "package_name": "com.sanaldershane.quizonline",
            "certificate_hash": "53e22e2b1a90006f4df9c220e7f5600ef60e04f6"
          }
        },
        {
          "client_id": "380862284952-4fll824tm6fcjlc3ll0edn0c331q5fru.apps.googleusercontent.com",
          "client_type": 3
        }
      ],
      "api_key": [
        {
          "current_key": "AIzaSyC8LIwg3M_AxzSoITKwgGfnMQiD2njEGjk"
        }
      ],
      "services": {
        "appinvite_service": {
          "other_platform_oauth_client": [
            {
              "client_id": "380862284952-4fll824tm6fcjlc3ll0edn0c331q5fru.apps.googleusercontent.com",
              "client_type": 3
            },
            {
              "client_id": "380862284952-q453s9u4o4hh2f317snflq998b87m5q9.apps.googleusercontent.com",
              "client_type": 2,
              "ios_info": {
                "bundle_id": "com.sanaldershane.quiz"
              }
            }
          ]
        }
      }
    }
  ],
  "configuration_version": "1"
}